{"train_loss": 3.3592400550842285, "action_accuracy": 0.10000000149011612, "l1_loss": 0.15294117647058825, "_timestamp": 1720487915.385465, "_runtime": 904.8780348300934, "_step": 540, "_wandb": {"runtime": 909}}