{"train_loss": 3.513707399368286, "action_accuracy": 0.1517857164144516, "l1_loss": 0.22198879551820724, "_timestamp": 1720490134.837999, "_runtime": 353.10850715637207, "_step": 70, "_wandb": {"runtime": 368}}