{"train_loss": 3.5604145526885986, "action_accuracy": 0.15714286267757416, "l1_loss": 0.21747899159663864, "_timestamp": 1720489713.9953833, "_runtime": 150.1448802947998, "_step": 40, "_wandb": {"runtime": 182}}