{"train_loss": 3.868253231048584, "action_accuracy": 0.18571428954601288, "l1_loss": 0.23630252100840332, "_timestamp": 1720486514.0054693, "_runtime": 28.787545204162598, "_step": 10, "_wandb": {"runtime": 32}}