{"train_loss": 3.1442105770111084, "action_accuracy": 0.12857143580913544, "l1_loss": 0.16448179271708682, "_timestamp": 1720508044.4932415, "_runtime": 16970.535527467728, "_step": 10000, "_wandb": {"runtime": 17327}}