{"train_loss": 3.5439696311950684, "action_accuracy": 0.18571428954601288, "l1_loss": 0.18263305322128853, "_timestamp": 1720486445.4399085, "_runtime": 109.97693538665771, "_step": 60, "_wandb": {"runtime": 115}}