{"_wandb": {"runtime": 12}, "train_loss": 4.256440162658691, "action_accuracy": 0.0714285746216774, "l1_loss": 0.20289449112978528, "_timestamp": 1720486162.8152804, "_runtime": 11.760505437850952, "_step": 0}