{"_wandb": {"runtime": 14}, "train_loss": 4.070436954498291, "action_accuracy": 0.130952388048172, "l1_loss": 0.22343604108309992, "_timestamp": 1720486270.9104173, "_runtime": 12.966196298599243, "_step": 0}