{"train_loss": 3.0286898612976074, "action_accuracy": 0.1607142835855484, "l1_loss": 0.11022408963585435, "_timestamp": 1720515109.630103, "_runtime": 6580.10214805603, "_step": 4450, "_wandb": {"runtime": 6592}}